<?xml version="1.0" encoding="utf-8"?>
<HotfixInstallationInfo xmlns:xsd="http://www.w3.org/2001/XMLSchema" xmlns:xsi="http://www.w3.org/2001/XMLSchema-instance">
  <Name>8f97fa91-7bdb-494d-bd28-9048cfb53d72</Name>
  <Description>Deployable package created from automated build</Description>
  <InstallationDateTime>0001-01-01T00:00:00</InstallationDateTime>
  <InstallationInfoFilePath>C:\Users\VssAdministrator\AppData\Local\Temp\tmp5C0F.tmp\HotfixInstallationInfo.xml</InstallationInfoFilePath>
  <Version />
  <Publisher>Non-Microsoft</Publisher>
  <GeneratedFromAXMetadata>false</GeneratedFromAXMetadata>
  <Type>ApplicationPackage</Type>
  <IncludedDeployablePackages />
  <ServiceModelList />
  <OtherComponentList />
  <MetadataModuleRelease>Update56</MetadataModuleRelease>
  <MetadataModuleList>
    <string>bftlicensing.10.2023.5.1</string>
  </MetadataModuleList>
  <MetadataModelList />
  <PlatformReleaseDisplayName>Update56</PlatformReleaseDisplayName>
  <PlatformVersion>7.0.6801.37</PlatformVersion>
  <IsCompatibleWithSealedRelease>true</IsCompatibleWithSealedRelease>
  <IsCompatibleWithApp81PlusRelease>true</IsCompatibleWithApp81PlusRelease>
  <AllComponentList>
    <ArrayOfString>
      <string>AX Module</string>
      <string>bftlicensing.10.2023.5.1</string>
    </ArrayOfString>
  </AllComponentList>
</HotfixInstallationInfo>